{
   "baseIterations":206,
   "c":{
      "x":-0.9876724992199943,
      "y":-0.6797842125884673
   },
   "camera":{
      "position":{
         "x":0.05408705416013075,
         "y":0.7425138356406972
      },
      "zoom":15.596180566409686
   },
   "iterationIncreaseFallOff":13.720000267028809,
   "type":0,
   "windowHeight":800,
   "windowWidth":889,
   "z0":{
      "x":0.38055816751539034,
      "y":0.28907783878572935
   }
}