{
   "baseIterations":76,
   "c":{
      "x":0,
      "y":0
   },
   "camera":{
      "position":{
         "x":-0.4870622899495921,
         "y":-1.4361299732532513
      },
      "zoom":18.56264388951156
   },
   "iterationIncreaseFallOff":13.300000190734863,
   "type":1,
   "windowHeight":800,
   "windowWidth":1143,
   "z0":{
      "x":0.2614527821513054,
      "y":0.0029357018391073094
   }
}