{
   "baseIterations":271,
   "c":{
      "x":0,
      "y":0
   },
   "camera":{
      "position":{
         "x":-0.4407338036263574,
         "y":-0.8001772952585503
      },
      "zoom":15.20134017662095
   },
   "iterationIncreaseFallOff":6.739999771118164,
   "type":1,
   "windowHeight":800,
   "windowWidth":1143,
   "z0":{
      "x":0.31945808573287243,
      "y":-0.4105790767158801
   }
}