{
   "baseIterations":61,
   "c":{
      "x":0.4854445427233014,
      "y":0.08318561657494983
   },
   "camera":{
      "position":{
         "x":-0.27676011834648273,
         "y":0.15180241109529397
      },
      "zoom":3.3355253840089163
   },
   "iterationIncreaseFallOff":11.739999771118164,
   "type":1,
   "windowHeight":800,
   "windowWidth":1143,
   "z0":{
      "x":-1.3962846511387803,
      "y":0.003815697464397482
   }
}