{
  "baseIterations":76,
   "c":{
      "x":0,
      "y":0
   },
   "camera":{
      "position":{
         "x":0.2053212113420888,
         "y":0.022157671526612743
      },
      "zoom":0.3188460127620124
   },
   "iterationIncreaseFallOff":13.300000190734863,
   "type":1,
   "windowHeight":800,
   "windowWidth":1143,
   "z0":{
      "x":0.2603043388748669,
      "y":-4.639878843913626e-06
   }
}