{
   "baseIterations":76,
   "c":{
      "x":0,
      "y":0
   },
   "camera":{
      "position":{
         "x":-0.11423164512624073,
         "y":0.16111329338635774
      },
      "zoom":0.28688616764226926
   },
   "iterationIncreaseFallOff":13.300000190734863,
   "type":1,
   "windowHeight":800,
   "windowWidth":1143,
   "z0":{
      "x":-0.8451372657850184,
      "y":-0.0012770937896218278
   }
}