{
   "baseIterations":139,
   "c":{
      "x":0,
      "y":0
   },
   "camera":{
      "position":{
         "x":-0.8860318939992358,
         "y":0.1237986117173353
      },
      "zoom":2.6813378377515584
   },
   "iterationIncreaseFallOff":13.300000190734863,
   "type":1,
   "windowHeight":800,
   "windowWidth":1143,
   "z0":{
      "x":-0.7826202812955373,
      "y":0.14032959409592688
   }
}